t_ns,j1,j2,j3,j4,j5,j6
1791572358349077986,-0.04405,-0.21982,0.18018,-0.06413,0.00898,-0.03358
1791572358451658896,-0.08810,-0.43965,0.36035,-0.12825,0.01795,-0.06715
1791572358553575575,-0.13215,-0.65948,0.54053,-0.19238,0.02693,-0.10073
1791572358655934211,-0.17620,-0.87930,0.72070,-0.25650,0.03590,-0.13430
1791572358791950285,-0.17620,-0.87930,0.72070,-0.25650,0.03590,-0.13430
1791572358895962885,-0.17620,-0.87930,0.72070,-0.25650,0.03590,-0.13430
1791572359035634341,-0.17620,-0.87930,0.72070,-0.25650,0.03590,-0.13430
1791572359136136819,-0.17620,-0.87930,0.72070,-0.25650,0.03590,-0.13430
1791572359248313231,-0.17620,-0.87930,0.72070,-0.25650,0.03590,-0.13430
1791572359350697916,-0.17620,-0.87930,0.72070,-0.25650,0.03590,-0.13430
1791572359452728535,-0.17620,-0.87930,0.72070,-0.25650,0.03590,-0.13430
1791572359554541805,-0.17620,-0.87930,0.72070,-0.25650,0.03590,-0.13430
1791572359667716270,-0.17620,-0.87930,0.72070,-0.25650,0.03590,-0.13430
1791572359769097280,-0.17620,-0.87930,0.72070,-0.25650,0.03590,-0.13430
1791572359870255689,-0.17620,-0.87930,0.72070,-0.25650,0.03590,-0.13430
1791572359999464105,-0.17620,-0.87930,0.72070,-0.25650,0.03590,-0.13430
1791572360133569164,-0.24265,-0.80800,0.59803,-0.20233,-0.08060,-0.20305
1791572360234855045,-0.30910,-0.73670,0.47535,-0.14815,-0.19710,-0.27180
1791572360338122085,-0.37555,-0.66540,0.35267,-0.09398,-0.31360,-0.34055
1791572360439079800,-0.44200,-0.59410,0.23000,-0.03980,-0.43010,-0.40930
1791572360546327894,-0.44200,-0.59410,0.23000,-0.03980,-0.43010,-0.40930
1791572360647625695,-0.44200,-0.59410,0.23000,-0.03980,-0.43010,-0.40930
1791572360747963462,-0.44200,-0.59410,0.23000,-0.03980,-0.43010,-0.40930
1791572360850460069,-0.44200,-0.59410,0.23000,-0.03980,-0.43010,-0.40930
1791572360958962446,-0.44200,-0.59410,0.23000,-0.03980,-0.43010,-0.40930
1791572361059964100,-0.44200,-0.59410,0.23000,-0.03980,-0.43010,-0.40930
1791572361161139592,-0.44200,-0.59410,0.23000,-0.03980,-0.43010,-0.40930
1791572361262961080,-0.44200,-0.59410,0.23000,-0.03980,-0.43010,-0.40930
1791572361373914012,-0.44200,-0.59410,0.23000,-0.03980,-0.43010,-0.40930
1791572361485550830,-0.44200,-0.59410,0.23000,-0.03980,-0.43010,-0.40930
1791572361587131606,-0.44200,-0.59410,0.23000,-0.03980,-0.43010,-0.40930
1791572361691284515,-0.44200,-0.59410,0.23000,-0.03980,-0.43010,-0.40930
1791572361908558817,-0.35037,-0.53020,0.24725,-0.07137,-0.29073,-0.19505
1791572362078331776,-0.25875,-0.46630,0.26450,-0.10295,-0.15135,0.01920
1791572362179838485,-0.16713,-0.40240,0.28175,-0.13453,-0.01198,0.23345
1791572362281613010,-0.07550,-0.33850,0.29900,-0.16610,0.12740,0.44770
1791572362394235862,-0.07550,-0.33850,0.29900,-0.16610,0.12740,0.44770
1791572362508889910,-0.07550,-0.33850,0.29900,-0.16610,0.12740,0.44770
1791572362610052377,-0.07550,-0.33850,0.29900,-0.16610,0.12740,0.44770
1791572362803216909,-0.07550,-0.33850,0.29900,-0.16610,0.12740,0.44770
1791572362920551860,-0.07550,-0.33850,0.29900,-0.16610,0.12740,0.44770
1791572363022929517,-0.07550,-0.33850,0.29900,-0.16610,0.12740,0.44770
1791572363123739952,-0.07550,-0.33850,0.29900,-0.16610,0.12740,0.44770
1791572363226436553,-0.07550,-0.33850,0.29900,-0.16610,0.12740,0.44770
1791572363338072809,-0.07550,-0.33850,0.29900,-0.16610,0.12740,0.44770
1791572363444039572,-0.07550,-0.33850,0.29900,-0.16610,0.12740,0.44770
1791572363557772025,-0.07550,-0.33850,0.29900,-0.16610,0.12740,0.44770
1791572363769147138,-0.07550,-0.33850,0.29900,-0.16610,0.12740,0.44770
1791572363878680915,-0.03735,-0.42455,0.46950,-0.19260,0.18518,0.28317
1791572363985036452,0.00080,-0.51060,0.64000,-0.21910,0.24295,0.11865
1791572364086578370,0.03895,-0.59665,0.81050,-0.24560,0.30073,-0.04587
1791572364224053700,0.07710,-0.68270,0.98100,-0.27210,0.35850,-0.21040
1791572364333752068,0.07710,-0.68270,0.98100,-0.27210,0.35850,-0.21040
1791572364435608721,0.07710,-0.68270,0.98100,-0.27210,0.35850,-0.21040
1791572364536942551,0.07710,-0.68270,0.98100,-0.27210,0.35850,-0.21040
1791572364638245602,0.07710,-0.68270,0.98100,-0.27210,0.35850,-0.21040
1791572364749182457,0.07710,-0.68270,0.98100,-0.27210,0.35850,-0.21040
1791572364909654457,0.07710,-0.68270,0.98100,-0.27210,0.35850,-0.21040
1791572365128658112,0.07710,-0.68270,0.98100,-0.27210,0.35850,-0.21040
1791572365231006699,0.07710,-0.68270,0.98100,-0.27210,0.35850,-0.21040
1791572365346870156,0.07710,-0.68270,0.98100,-0.27210,0.35850,-0.21040
1791572365473550342,0.07710,-0.68270,0.98100,-0.27210,0.35850,-0.21040
1791572365597754355,0.07710,-0.68270,0.98100,-0.27210,0.35850,-0.21040
1791572365836161064,0.07710,-0.68270,0.98100,-0.27210,0.35850,-0.21040
1791572365946597090,-0.03110,-0.73847,0.84745,-0.15665,0.18905,-0.13740
1791572366048013158,-0.13930,-0.79425,0.71390,-0.04120,0.01960,-0.06440
1791572366149501702,-0.24750,-0.85003,0.58035,0.07425,-0.14985,0.00860
1791572366249969385,-0.35570,-0.90580,0.44680,0.18970,-0.31930,0.08160
1791572366359999319,-0.35570,-0.90580,0.44680,0.18970,-0.31930,0.08160
1791572366464054698,-0.35570,-0.90580,0.44680,0.18970,-0.31930,0.08160
1791572366565343710,-0.35570,-0.90580,0.44680,0.18970,-0.31930,0.08160
1791572366666385305,-0.35570,-0.90580,0.44680,0.18970,-0.31930,0.08160
1791572366804074430,-0.35570,-0.90580,0.44680,0.18970,-0.31930,0.08160
1791572366908816847,-0.35570,-0.90580,0.44680,0.18970,-0.31930,0.08160
1791572367011855240,-0.35570,-0.90580,0.44680,0.18970,-0.31930,0.08160
1791572367118673791,-0.35570,-0.90580,0.44680,0.18970,-0.31930,0.08160
1791572367237459150,-0.35570,-0.90580,0.44680,0.18970,-0.31930,0.08160
1791572367338117511,-0.35570,-0.90580,0.44680,0.18970,-0.31930,0.08160
1791572367442097026,-0.35570,-0.90580,0.44680,0.18970,-0.31930,0.08160
1791572367565509630,-0.35570,-0.90580,0.44680,0.18970,-0.31930,0.08160
1791572367678170798,-0.23205,-0.85488,0.49465,0.07670,-0.34957,-0.01230
1791572367781746143,-0.10840,-0.80395,0.54250,-0.03630,-0.37985,-0.10620
1791572367893191564,0.01525,-0.75302,0.59035,-0.14930,-0.41013,-0.20010
1791572367994961001,0.13890,-0.70210,0.63820,-0.26230,-0.44040,-0.29400
1791572368104529134,0.13890,-0.70210,0.63820,-0.26230,-0.44040,-0.29400
1791572368205545587,0.13890,-0.70210,0.63820,-0.26230,-0.44040,-0.29400
1791572368308446280,0.13890,-0.70210,0.63820,-0.26230,-0.44040,-0.29400
1791572368410893988,0.13890,-0.70210,0.63820,-0.26230,-0.44040,-0.29400
1791572368537578431,0.13890,-0.70210,0.63820,-0.26230,-0.44040,-0.29400
1791572368716216448,0.13890,-0.70210,0.63820,-0.26230,-0.44040,-0.29400
1791572368817050127,0.13890,-0.70210,0.63820,-0.26230,-0.44040,-0.29400
1791572369070968448,0.13890,-0.70210,0.63820,-0.26230,-0.44040,-0.29400
1791572369181541230,0.13890,-0.70210,0.63820,-0.26230,-0.44040,-0.29400
1791572369283284294,0.13890,-0.70210,0.63820,-0.26230,-0.44040,-0.29400
1791572369384832675,0.13890,-0.70210,0.63820,-0.26230,-0.44040,-0.29400
1791572369487733390,0.13890,-0.70210,0.63820,-0.26230,-0.44040,-0.29400
1791572369606713471,0.14927,-0.69105,0.59147,-0.18390,-0.34200,-0.27055
1791572369709671590,0.15965,-0.68000,0.54475,-0.10550,-0.24360,-0.24710
1791572369815789017,0.17003,-0.66895,0.49802,-0.02710,-0.14520,-0.22365
1791572369939819681,0.18040,-0.65790,0.45130,0.05130,-0.04680,-0.20020
1791572370108171852,0.18040,-0.65790,0.45130,0.05130,-0.04680,-0.20020
1791572370254065047,0.18040,-0.65790,0.45130,0.05130,-0.04680,-0.20020
1791572370357853286,0.18040,-0.65790,0.45130,0.05130,-0.04680,-0.20020
1791572370462771318,0.18040,-0.65790,0.45130,0.05130,-0.04680,-0.20020
1791572370579648132,0.18040,-0.65790,0.45130,0.05130,-0.04680,-0.20020
1791572370681154955,0.18040,-0.65790,0.45130,0.05130,-0.04680,-0.20020
1791572370787585303,0.18040,-0.65790,0.45130,0.05130,-0.04680,-0.20020
1791572370911102490,0.18040,-0.65790,0.45130,0.05130,-0.04680,-0.20020
1791572371065368692,0.18040,-0.65790,0.45130,0.05130,-0.04680,-0.20020
1791572371204723174,0.18040,-0.65790,0.45130,0.05130,-0.04680,-0.20020
1791572371311908502,0.18040,-0.65790,0.45130,0.05130,-0.04680,-0.20020
1791572371416069697,0.18040,-0.65790,0.45130,0.05130,-0.04680,-0.20020
1791572371577022729,0.20890,-0.60363,0.43730,0.04965,-0.02880,-0.05638
1791572371749838943,0.23740,-0.54935,0.42330,0.04800,-0.01080,0.08745
1791572371862893674,0.26590,-0.49508,0.40930,0.04635,0.00720,0.23127
1791572371994367969,0.29440,-0.44080,0.39530,0.04470,0.02520,0.37510
1791572372157436619,0.29440,-0.44080,0.39530,0.04470,0.02520,0.37510
1791572372257965539,0.29440,-0.44080,0.39530,0.04470,0.02520,0.37510
1791572372362095830,0.29440,-0.44080,0.39530,0.04470,0.02520,0.37510
1791572372467410149,0.29440,-0.44080,0.39530,0.04470,0.02520,0.37510
1791572372579449754,0.29440,-0.44080,0.39530,0.04470,0.02520,0.37510
1791572372684527876,0.29440,-0.44080,0.39530,0.04470,0.02520,0.37510
1791572372788413217,0.29440,-0.44080,0.39530,0.04470,0.02520,0.37510
1791572372890335804,0.29440,-0.44080,0.39530,0.04470,0.02520,0.37510
1791572373002230377,0.29440,-0.44080,0.39530,0.04470,0.02520,0.37510
1791572373103901935,0.29440,-0.44080,0.39530,0.04470,0.02520,0.37510
1791572373205180102,0.29440,-0.44080,0.39530,0.04470,0.02520,0.37510
1791572373308019687,0.29440,-0.44080,0.39530,0.04470,0.02520,0.37510
1791572373421396879,0.27815,-0.52300,0.54250,-0.02377,-0.00158,0.34560
1791572373524634294,0.26190,-0.60520,0.68970,-0.09225,-0.02835,0.31610
1791572373626125496,0.24565,-0.68740,0.83690,-0.16072,-0.05513,0.28660
1791572373729917755,0.22940,-0.76960,0.98410,-0.22920,-0.08190,0.25710
1791572373837870544,0.22940,-0.76960,0.98410,-0.22920,-0.08190,0.25710
1791572373943943468,0.22940,-0.76960,0.98410,-0.22920,-0.08190,0.25710
1791572374045973737,0.22940,-0.76960,0.98410,-0.22920,-0.08190,0.25710
1791572374146947590,0.22940,-0.76960,0.98410,-0.22920,-0.08190,0.25710
1791572374277754100,0.22940,-0.76960,0.98410,-0.22920,-0.08190,0.25710
1791572374422528573,0.22940,-0.76960,0.98410,-0.22920,-0.08190,0.25710
1791572374524810544,0.22940,-0.76960,0.98410,-0.22920,-0.08190,0.25710
1791572374643856841,0.22940,-0.76960,0.98410,-0.22920,-0.08190,0.25710
1791572374761765140,0.22940,-0.76960,0.98410,-0.22920,-0.08190,0.25710
1791572374863855988,0.22940,-0.76960,0.98410,-0.22920,-0.08190,0.25710
1791572374971076254,0.22940,-0.76960,0.98410,-0.22920,-0.08190,0.25710
1791572375288073907,0.22940,-0.76960,0.98410,-0.22920,-0.08190,0.25710
1791572375461606409,0.08505,-0.72940,0.79592,-0.14667,0.00473,0.21108
1791572375568959039,-0.05930,-0.68920,0.60775,-0.06415,0.09135,0.16505
1791572375855404076,-0.20365,-0.64900,0.41958,0.01838,0.17798,0.11902
1791572376080025407,-0.34800,-0.60880,0.23140,0.10090,0.26460,0.07300
1791572376227853141,-0.34800,-0.60880,0.23140,0.10090,0.26460,0.07300
1791572376331228313,-0.34800,-0.60880,0.23140,0.10090,0.26460,0.07300
1791572376433208469,-0.34800,-0.60880,0.23140,0.10090,0.26460,0.07300
1791572376536413940,-0.34800,-0.60880,0.23140,0.10090,0.26460,0.07300
1791572376646075191,-0.34800,-0.60880,0.23140,0.10090,0.26460,0.07300
1791572376749580143,-0.34800,-0.60880,0.23140,0.10090,0.26460,0.07300
1791572376852932155,-0.34800,-0.60880,0.23140,0.10090,0.26460,0.07300
1791572376954230565,-0.34800,-0.60880,0.23140,0.10090,0.26460,0.07300
1791572377068766306,-0.34800,-0.60880,0.23140,0.10090,0.26460,0.07300
1791572377170577604,-0.34800,-0.60880,0.23140,0.10090,0.26460,0.07300
1791572377271802376,-0.34800,-0.60880,0.23140,0.10090,0.26460,0.07300
1791572377373558665,-0.34800,-0.60880,0.23140,0.10090,0.26460,0.07300
1791572377485654895,-0.16712,-0.64385,0.36260,0.08983,0.21843,0.04380
1791572377590585398,0.01375,-0.67890,0.49380,0.07875,0.17225,0.01460
1791572377712548569,0.19463,-0.71395,0.62500,0.06767,0.12607,-0.01460
1791572377919070300,0.37550,-0.74900,0.75620,0.05660,0.07990,-0.04380
1791572378026449346,0.37550,-0.74900,0.75620,0.05660,0.07990,-0.04380
1791572378128002908,0.37550,-0.74900,0.75620,0.05660,0.07990,-0.04380
1791572378229952349,0.37550,-0.74900,0.75620,0.05660,0.07990,-0.04380
1791572378331462441,0.37550,-0.74900,0.75620,0.05660,0.07990,-0.04380
1791572378440094537,0.37550,-0.74900,0.75620,0.05660,0.07990,-0.04380
1791572378546605312,0.37550,-0.74900,0.75620,0.05660,0.07990,-0.04380
1791572378720427860,0.37550,-0.74900,0.75620,0.05660,0.07990,-0.04380
1791572378821353622,0.37550,-0.74900,0.75620,0.05660,0.07990,-0.04380
1791572378936826568,0.37550,-0.74900,0.75620,0.05660,0.07990,-0.04380
1791572379042966548,0.37550,-0.74900,0.75620,0.05660,0.07990,-0.04380
1791572379154975307,0.37550,-0.74900,0.75620,0.05660,0.07990,-0.04380
1791572379348247685,0.37550,-0.74900,0.75620,0.05660,0.07990,-0.04380
1791572379462487442,0.36662,-0.62282,0.71198,0.06707,-0.04990,0.01753
1791572379574170034,0.35775,-0.49665,0.66775,0.07755,-0.17970,0.07885
1791572379675538210,0.34888,-0.37047,0.62352,0.08803,-0.30950,0.14017
1791572379791040095,0.34000,-0.24430,0.57930,0.09850,-0.43930,0.20150
1791572379914045303,0.34000,-0.24430,0.57930,0.09850,-0.43930,0.20150
1791572380021210908,0.34000,-0.24430,0.57930,0.09850,-0.43930,0.20150
1791572380121857053,0.34000,-0.24430,0.57930,0.09850,-0.43930,0.20150
1791572380225787667,0.34000,-0.24430,0.57930,0.09850,-0.43930,0.20150
1791572380338823627,0.34000,-0.24430,0.57930,0.09850,-0.43930,0.20150
1791572380439382751,0.34000,-0.24430,0.57930,0.09850,-0.43930,0.20150
1791572380555091687,0.34000,-0.24430,0.57930,0.09850,-0.43930,0.20150
1791572380717903704,0.34000,-0.24430,0.57930,0.09850,-0.43930,0.20150
1791572380887857298,0.34000,-0.24430,0.57930,0.09850,-0.43930,0.20150
1791572380990470821,0.34000,-0.24430,0.57930,0.09850,-0.43930,0.20150
1791572381099013274,0.34000,-0.24430,0.57930,0.09850,-0.43930,0.20150
1791572381201722463,0.34000,-0.24430,0.57930,0.09850,-0.43930,0.20150
1791572381319582412,0.29178,-0.23460,0.64885,0.04158,-0.35803,0.19330
1791572381421443048,0.24355,-0.22490,0.71840,-0.01535,-0.27675,0.18510
1791572381524073492,0.19533,-0.21520,0.78795,-0.07228,-0.19547,0.17690
1791572381625138215,0.14710,-0.20550,0.85750,-0.12920,-0.11420,0.16870
1791572381748562328,0.14710,-0.20550,0.85750,-0.12920,-0.11420,0.16870
1791572381899305107,0.14710,-0.20550,0.85750,-0.12920,-0.11420,0.16870
1791572382047852671,0.14710,-0.20550,0.85750,-0.12920,-0.11420,0.16870
1791572382163997669,0.14710,-0.20550,0.85750,-0.12920,-0.11420,0.16870
1791572382281724164,0.14710,-0.20550,0.85750,-0.12920,-0.11420,0.16870
1791572382383154990,0.14710,-0.20550,0.85750,-0.12920,-0.11420,0.16870
1791572382484121391,0.14710,-0.20550,0.85750,-0.12920,-0.11420,0.16870
1791572382585145326,0.14710,-0.20550,0.85750,-0.12920,-0.11420,0.16870
1791572382693057263,0.14710,-0.20550,0.85750,-0.12920,-0.11420,0.16870
1791572382793891679,0.14710,-0.20550,0.85750,-0.12920,-0.11420,0.16870
1791572382896949201,0.14710,-0.20550,0.85750,-0.12920,-0.11420,0.16870
1791572382998411958,0.14710,-0.20550,0.85750,-0.12920,-0.11420,0.16870
1791572383113029814,-0.00903,-0.31178,0.72673,-0.15432,-0.19590,0.19357
1791572383214215527,-0.16515,-0.41805,0.59595,-0.17945,-0.27760,0.21845
1791572383316020700,-0.32128,-0.52433,0.46517,-0.20458,-0.35930,0.24332
1791572383463778067,-0.47740,-0.63060,0.33440,-0.22970,-0.44100,0.26820
1791572383653608749,-0.47740,-0.63060,0.33440,-0.22970,-0.44100,0.26820
1791572383756839527,-0.47740,-0.63060,0.33440,-0.22970,-0.44100,0.26820
1791572383858760948,-0.47740,-0.63060,0.33440,-0.22970,-0.44100,0.26820
1791572383959115144,-0.47740,-0.63060,0.33440,-0.22970,-0.44100,0.26820
1791572384066740769,-0.47740,-0.63060,0.33440,-0.22970,-0.44100,0.26820
1791572384169181338,-0.47740,-0.63060,0.33440,-0.22970,-0.44100,0.26820
1791572384270050849,-0.47740,-0.63060,0.33440,-0.22970,-0.44100,0.26820
1791572384373062056,-0.47740,-0.63060,0.33440,-0.22970,-0.44100,0.26820
1791572384484582504,-0.47740,-0.63060,0.33440,-0.22970,-0.44100,0.26820
1791572384588837931,-0.47740,-0.63060,0.33440,-0.22970,-0.44100,0.26820
1791572384708968450,-0.47740,-0.63060,0.33440,-0.22970,-0.44100,0.26820
1791572384814084893,-0.47740,-0.63060,0.33440,-0.22970,-0.44100,0.26820
1791572385005709559,-0.45072,-0.67343,0.37900,-0.11655,-0.43560,0.18845
1791572385108369510,-0.42405,-0.71625,0.42360,-0.00340,-0.43020,0.10870
1791572385210505140,-0.39737,-0.75907,0.46820,0.10975,-0.42480,0.02895
1791572385311559249,-0.37070,-0.80190,0.51280,0.22290,-0.41940,-0.05080
1791572385429743857,-0.37070,-0.80190,0.51280,0.22290,-0.41940,-0.05080
1791572385530968068,-0.37070,-0.80190,0.51280,0.22290,-0.41940,-0.05080
1791572385632042276,-0.37070,-0.80190,0.51280,0.22290,-0.41940,-0.05080
1791572385740109601,-0.37070,-0.80190,0.51280,0.22290,-0.41940,-0.05080
1791572386037548119,-0.37070,-0.80190,0.51280,0.22290,-0.41940,-0.05080
1791572386139802765,-0.37070,-0.80190,0.51280,0.22290,-0.41940,-0.05080
1791572386244406859,-0.37070,-0.80190,0.51280,0.22290,-0.41940,-0.05080
1791572386347854634,-0.37070,-0.80190,0.51280,0.22290,-0.41940,-0.05080
1791572386467721054,-0.37070,-0.80190,0.51280,0.22290,-0.41940,-0.05080
1791572386569953629,-0.37070,-0.80190,0.51280,0.22290,-0.41940,-0.05080
1791572386803626676,-0.37070,-0.80190,0.51280,0.22290,-0.41940,-0.05080
1791572386915413923,-0.37070,-0.80190,0.51280,0.22290,-0.41940,-0.05080
1791572387024590342,-0.26567,-0.67475,0.59845,0.22177,-0.36995,-0.05927
1791572387126452838,-0.16065,-0.54760,0.68410,0.22065,-0.32050,-0.06775
1791572387318287825,-0.05562,-0.42045,0.76975,0.21952,-0.27105,-0.07623
1791572387429081712,0.04940,-0.29330,0.85540,0.21840,-0.22160,-0.08470
1791572387539364323,0.04940,-0.29330,0.85540,0.21840,-0.22160,-0.08470
1791572387642332066,0.04940,-0.29330,0.85540,0.21840,-0.22160,-0.08470
1791572387744734653,0.04940,-0.29330,0.85540,0.21840,-0.22160,-0.08470
1791572387847087167,0.04940,-0.29330,0.85540,0.21840,-0.22160,-0.08470
1791572387964717588,0.04940,-0.29330,0.85540,0.21840,-0.22160,-0.08470
1791572388067432277,0.04940,-0.29330,0.85540,0.21840,-0.22160,-0.08470
1791572388186544454,0.04940,-0.29330,0.85540,0.21840,-0.22160,-0.08470
1791572388359321943,0.04940,-0.29330,0.85540,0.21840,-0.22160,-0.08470
1791572388509211898,0.04940,-0.29330,0.85540,0.21840,-0.22160,-0.08470
1791572388610309521,0.04940,-0.29330,0.85540,0.21840,-0.22160,-0.08470
1791572388714301593,0.04940,-0.29330,0.85540,0.21840,-0.22160,-0.08470
1791572388816742107,0.04940,-0.29330,0.85540,0.21840,-0.22160,-0.08470
1791572388930958197,0.00175,-0.29313,0.88310,0.11145,-0.24715,-0.13053
1791572389031818621,-0.04590,-0.29295,0.91080,0.00450,-0.27270,-0.17635
1791572389132958991,-0.09355,-0.29278,0.93850,-0.10245,-0.29825,-0.22218
1791572389238411428,-0.14120,-0.29260,0.96620,-0.20940,-0.32380,-0.26800
1791572389352763947,-0.14120,-0.29260,0.96620,-0.20940,-0.32380,-0.26800
1791572389458189042,-0.14120,-0.29260,0.96620,-0.20940,-0.32380,-0.26800
1791572389560542927,-0.14120,-0.29260,0.96620,-0.20940,-0.32380,-0.26800
1791572389661433498,-0.14120,-0.29260,0.96620,-0.20940,-0.32380,-0.26800
1791572389772289454,-0.14120,-0.29260,0.96620,-0.20940,-0.32380,-0.26800
1791572389877577520,-0.14120,-0.29260,0.96620,-0.20940,-0.32380,-0.26800
1791572390070716207,-0.14120,-0.29260,0.96620,-0.20940,-0.32380,-0.26800
1791572390171827794,-0.14120,-0.29260,0.96620,-0.20940,-0.32380,-0.26800
1791572390395542360,-0.14120,-0.29260,0.96620,-0.20940,-0.32380,-0.26800
1791572390508726434,-0.14120,-0.29260,0.96620,-0.20940,-0.32380,-0.26800
1791572390604646752,-0.14120,-0.29260,0.96620,-0.20940,-0.32380,-0.26800
1791572390705578811,-0.14120,-0.29260,0.96620,-0.20940,-0.32380,-0.26800
1791572390816145853,-0.17257,-0.37245,0.89247,-0.19265,-0.36682,-0.22127
1791572390916590720,-0.20395,-0.45230,0.81875,-0.17590,-0.40985,-0.17455
1791572391018227655,-0.23533,-0.53215,0.74503,-0.15915,-0.45288,-0.12783
1791572391119551394,-0.26670,-0.61200,0.67130,-0.14240,-0.49590,-0.08110
1791572391239508696,-0.26670,-0.61200,0.67130,-0.14240,-0.49590,-0.08110
1791572391342013416,-0.26670,-0.61200,0.67130,-0.14240,-0.49590,-0.08110
1791572391473879456,-0.26670,-0.61200,0.67130,-0.14240,-0.49590,-0.08110
1791572391610692534,-0.26670,-0.61200,0.67130,-0.14240,-0.49590,-0.08110
1791572391745046906,-0.26670,-0.61200,0.67130,-0.14240,-0.49590,-0.08110
1791572391849863711,-0.26670,-0.61200,0.67130,-0.14240,-0.49590,-0.08110
1791572391951452752,-0.26670,-0.61200,0.67130,-0.14240,-0.49590,-0.08110
1791572392056481498,-0.26670,-0.61200,0.67130,-0.14240,-0.49590,-0.08110
1791572392173259897,-0.26670,-0.61200,0.67130,-0.14240,-0.49590,-0.08110
1791572392324076814,-0.26670,-0.61200,0.67130,-0.14240,-0.49590,-0.08110
1791572392428809429,-0.26670,-0.61200,0.67130,-0.14240,-0.49590,-0.08110
1791572392532493909,-0.26670,-0.61200,0.67130,-0.14240,-0.49590,-0.08110
1791572392906780625,-0.23270,-0.59573,0.74410,-0.07823,-0.36805,-0.03143
1791572393036405142,-0.19870,-0.57945,0.81690,-0.01405,-0.24020,0.01825
1791572393348433857,-0.16470,-0.56317,0.88970,0.05013,-0.11235,0.06792
1791572393458213859,-0.13070,-0.54690,0.96250,0.11430,0.01550,0.11760
1791572393574524354,-0.13070,-0.54690,0.96250,0.11430,0.01550,0.11760
1791572393705722248,-0.13070,-0.54690,0.96250,0.11430,0.01550,0.11760
1791572393969539777,-0.13070,-0.54690,0.96250,0.11430,0.01550,0.11760
1791572394147499121,-0.13070,-0.54690,0.96250,0.11430,0.01550,0.11760
1791572394317550702,-0.13070,-0.54690,0.96250,0.11430,0.01550,0.11760
1791572394419877058,-0.13070,-0.54690,0.96250,0.11430,0.01550,0.11760
1791572394577603333,-0.13070,-0.54690,0.96250,0.11430,0.01550,0.11760
1791572394794793112,-0.13070,-0.54690,0.96250,0.11430,0.01550,0.11760
1791572394952449037,-0.13070,-0.54690,0.96250,0.11430,0.01550,0.11760
1791572395082965503,-0.13070,-0.54690,0.96250,0.11430,0.01550,0.11760
1791572395228482538,-0.13070,-0.54690,0.96250,0.11430,0.01550,0.11760
1791572395332965723,-0.13070,-0.54690,0.96250,0.11430,0.01550,0.11760
1791572395450958736,-0.05398,-0.64938,0.95178,0.12773,0.10525,0.16268
1791572395553785948,0.02275,-0.75185,0.94105,0.14115,0.19500,0.20775
1791572395681997365,0.09948,-0.85433,0.93032,0.15458,0.28475,0.25283
1791572395801722978,0.17620,-0.95680,0.91960,0.16800,0.37450,0.29790
1791572395912710246,0.17620,-0.95680,0.91960,0.16800,0.37450,0.29790
1791572396098867348,0.17620,-0.95680,0.91960,0.16800,0.37450,0.29790
1791572396375882331,0.17620,-0.95680,0.91960,0.16800,0.37450,0.29790
1791572396478888098,0.17620,-0.95680,0.91960,0.16800,0.37450,0.29790
1791572396594850094,0.17620,-0.95680,0.91960,0.16800,0.37450,0.29790
1791572396695659062,0.17620,-0.95680,0.91960,0.16800,0.37450,0.29790
1791572396807131696,0.17620,-0.95680,0.91960,0.16800,0.37450,0.29790
1791572396908643539,0.17620,-0.95680,0.91960,0.16800,0.37450,0.29790
1791572397039754986,0.17620,-0.95680,0.91960,0.16800,0.37450,0.29790
1791572397140615166,0.17620,-0.95680,0.91960,0.16800,0.37450,0.29790
1791572397281364876,0.17620,-0.95680,0.91960,0.16800,0.37450,0.29790
1791572397383541398,0.17620,-0.95680,0.91960,0.16800,0.37450,0.29790
1791572397640440353,0.10525,-0.88780,0.76040,0.14615,0.17142,0.11525
1791572397741847785,0.03430,-0.81880,0.60120,0.12430,-0.03165,-0.06740
1791572397843178620,-0.03665,-0.74980,0.44200,0.10245,-0.23473,-0.25005
1791572397945044506,-0.10760,-0.68080,0.28280,0.08060,-0.43780,-0.43270
1791572398059703722,-0.10760,-0.68080,0.28280,0.08060,-0.43780,-0.43270
1791572398160604147,-0.10760,-0.68080,0.28280,0.08060,-0.43780,-0.43270
1791572398261613052,-0.10760,-0.68080,0.28280,0.08060,-0.43780,-0.43270
1791572398403398457,-0.10760,-0.68080,0.28280,0.08060,-0.43780,-0.43270
1791572398546449032,-0.10760,-0.68080,0.28280,0.08060,-0.43780,-0.43270
1791572398674550356,-0.10760,-0.68080,0.28280,0.08060,-0.43780,-0.43270
1791572398776723586,-0.10760,-0.68080,0.28280,0.08060,-0.43780,-0.43270
1791572398886457280,-0.10760,-0.68080,0.28280,0.08060,-0.43780,-0.43270
1791572398999962949,-0.10760,-0.68080,0.28280,0.08060,-0.43780,-0.43270
1791572399107027653,-0.10760,-0.68080,0.28280,0.08060,-0.43780,-0.43270
1791572399233035093,-0.10760,-0.68080,0.28280,0.08060,-0.43780,-0.43270
1791572399336747744,-0.10760,-0.68080,0.28280,0.08060,-0.43780,-0.43270
1791572399449167845,-0.15350,-0.72815,0.33010,-0.00668,-0.45330,-0.41170
1791572399550680535,-0.19940,-0.77550,0.37740,-0.09395,-0.46880,-0.39070
1791572399651922508,-0.24530,-0.82285,0.42470,-0.18123,-0.48430,-0.36970
1791572399754199520,-0.29120,-0.87020,0.47200,-0.26850,-0.49980,-0.34870
1791572399941002552,-0.29120,-0.87020,0.47200,-0.26850,-0.49980,-0.34870
1791572400057371725,-0.29120,-0.87020,0.47200,-0.26850,-0.49980,-0.34870
1791572400163401148,-0.29120,-0.87020,0.47200,-0.26850,-0.49980,-0.34870
1791572400267774758,-0.29120,-0.87020,0.47200,-0.26850,-0.49980,-0.34870
1791572400396479481,-0.29120,-0.87020,0.47200,-0.26850,-0.49980,-0.34870
1791572400497768609,-0.29120,-0.87020,0.47200,-0.26850,-0.49980,-0.34870
1791572400603663726,-0.29120,-0.87020,0.47200,-0.26850,-0.49980,-0.34870
1791572400705231456,-0.29120,-0.87020,0.47200,-0.26850,-0.49980,-0.34870
1791572400818347437,-0.29120,-0.87020,0.47200,-0.26850,-0.49980,-0.34870
1791572400921623426,-0.29120,-0.87020,0.47200,-0.26850,-0.49980,-0.34870
1791572401024151707,-0.29120,-0.87020,0.47200,-0.26850,-0.49980,-0.34870
1791572401126118141,-0.29120,-0.87020,0.47200,-0.26850,-0.49980,-0.34870
1791572401240042125,-0.31803,-0.82993,0.40910,-0.14523,-0.34632,-0.34937
1791572401341418370,-0.34485,-0.78965,0.34620,-0.02195,-0.19285,-0.35005
1791572401442861180,-0.37168,-0.74937,0.28330,0.10132,-0.03938,-0.35073
1791572401661846103,-0.39850,-0.70910,0.22040,0.22460,0.11410,-0.35140
1791572401779764009,-0.39850,-0.70910,0.22040,0.22460,0.11410,-0.35140
1791572402041905370,-0.39850,-0.70910,0.22040,0.22460,0.11410,-0.35140
1791572402142631985,-0.39850,-0.70910,0.22040,0.22460,0.11410,-0.35140
1791572402247175758,-0.39850,-0.70910,0.22040,0.22460,0.11410,-0.35140
1791572402360352206,-0.39850,-0.70910,0.22040,0.22460,0.11410,-0.35140
1791572402492920391,-0.39850,-0.70910,0.22040,0.22460,0.11410,-0.35140
1791572402594273875,-0.39850,-0.70910,0.22040,0.22460,0.11410,-0.35140
1791572402697958828,-0.39850,-0.70910,0.22040,0.22460,0.11410,-0.35140
1791572402814829708,-0.39850,-0.70910,0.22040,0.22460,0.11410,-0.35140
1791572402914878248,-0.39850,-0.70910,0.22040,0.22460,0.11410,-0.35140
1791572403015746284,-0.39850,-0.70910,0.22040,0.22460,0.11410,-0.35140
1791572403116924431,-0.39850,-0.70910,0.22040,0.22460,0.11410,-0.35140
1791572403227946582,-0.36080,-0.71235,0.28813,0.11188,0.17280,-0.14027
1791572403336390588,-0.32310,-0.71560,0.35585,-0.00085,0.23150,0.07085
1791572403439935726,-0.28540,-0.71885,0.42358,-0.11358,0.29020,0.28198
1791572403540919407,-0.24770,-0.72210,0.49130,-0.22630,0.34890,0.49310
1791572403727570889,-0.24770,-0.72210,0.49130,-0.22630,0.34890,0.49310
1791572403834702149,-0.24770,-0.72210,0.49130,-0.22630,0.34890,0.49310
1791572403944330094,-0.24770,-0.72210,0.49130,-0.22630,0.34890,0.49310
1791572404046129544,-0.24770,-0.72210,0.49130,-0.22630,0.34890,0.49310
1791572404171185105,-0.24770,-0.72210,0.49130,-0.22630,0.34890,0.49310
1791572404306495440,-0.24770,-0.72210,0.49130,-0.22630,0.34890,0.49310
1791572404426637375,-0.24770,-0.72210,0.49130,-0.22630,0.34890,0.49310
1791572404616470225,-0.24770,-0.72210,0.49130,-0.22630,0.34890,0.49310
1791572404935060982,-0.24770,-0.72210,0.49130,-0.22630,0.34890,0.49310
1791572405035632645,-0.24770,-0.72210,0.49130,-0.22630,0.34890,0.49310
1791572405135864879,-0.24770,-0.72210,0.49130,-0.22630,0.34890,0.49310
1791572405240211898,-0.24770,-0.72210,0.49130,-0.22630,0.34890,0.49310
1791572405360818559,-0.19428,-0.69480,0.43565,-0.22940,0.22232,0.31102
1791572405462820381,-0.14085,-0.66750,0.38000,-0.23250,0.09575,0.12895
1791572405563597086,-0.08743,-0.64020,0.32435,-0.23560,-0.03082,-0.05312
1791572405671379546,-0.03400,-0.61290,0.26870,-0.23870,-0.15740,-0.23520
1791572405781339150,-0.03400,-0.61290,0.26870,-0.23870,-0.15740,-0.23520
1791572405994431646,-0.03400,-0.61290,0.26870,-0.23870,-0.15740,-0.23520
1791572406095272085,-0.03400,-0.61290,0.26870,-0.23870,-0.15740,-0.23520
1791572406198236766,-0.03400,-0.61290,0.26870,-0.23870,-0.15740,-0.23520
1791572406419199554,-0.03400,-0.61290,0.26870,-0.23870,-0.15740,-0.23520
1791572406521850652,-0.03400,-0.61290,0.26870,-0.23870,-0.15740,-0.23520
1791572406724402341,-0.03400,-0.61290,0.26870,-0.23870,-0.15740,-0.23520
1791572406825720585,-0.03400,-0.61290,0.26870,-0.23870,-0.15740,-0.23520
1791572406943575251,-0.03400,-0.61290,0.26870,-0.23870,-0.15740,-0.23520
1791572407050857715,-0.03400,-0.61290,0.26870,-0.23870,-0.15740,-0.23520
1791572407152881649,-0.03400,-0.61290,0.26870,-0.23870,-0.15740,-0.23520
1791572407258768748,-0.03400,-0.61290,0.26870,-0.23870,-0.15740,-0.23520
1791572407372635392,0.05672,-0.67738,0.25615,-0.11138,-0.11098,-0.26475
1791572407537051422,0.14745,-0.74185,0.24360,0.01595,-0.06455,-0.29430
1791572407738023503,0.23817,-0.80632,0.23105,0.14327,-0.01813,-0.32385
1791572407857039067,0.32890,-0.87080,0.21850,0.27060,0.02830,-0.35340
1791572407970197190,0.32890,-0.87080,0.21850,0.27060,0.02830,-0.35340
1791572408074873226,0.32890,-0.87080,0.21850,0.27060,0.02830,-0.35340
1791572408176154368,0.32890,-0.87080,0.21850,0.27060,0.02830,-0.35340
1791572408281391623,0.32890,-0.87080,0.21850,0.27060,0.02830,-0.35340
1791572408391652789,0.32890,-0.87080,0.21850,0.27060,0.02830,-0.35340
1791572408543908212,0.32890,-0.87080,0.21850,0.27060,0.02830,-0.35340
1791572408693022993,0.32890,-0.87080,0.21850,0.27060,0.02830,-0.35340
1791572408854214159,0.32890,-0.87080,0.21850,0.27060,0.02830,-0.35340
1791572408979923488,0.32890,-0.87080,0.21850,0.27060,0.02830,-0.35340
1791572409083909986,0.32890,-0.87080,0.21850,0.27060,0.02830,-0.35340
1791572409187457799,0.32890,-0.87080,0.21850,0.27060,0.02830,-0.35340
1791572409289359000,0.32890,-0.87080,0.21850,0.27060,0.02830,-0.35340
1791572409406945390,0.25748,-0.89770,0.31950,0.27472,0.11205,-0.21600
1791572409529788616,0.18605,-0.92460,0.42050,0.27885,0.19580,-0.07860
1791572409650048907,0.11463,-0.95150,0.52150,0.28298,0.27955,0.05880
1791572409751427252,0.04320,-0.97840,0.62250,0.28710,0.36330,0.19620
1791572409866495636,0.04320,-0.97840,0.62250,0.28710,0.36330,0.19620
1791572409968457084,0.04320,-0.97840,0.62250,0.28710,0.36330,0.19620
1791572410076066644,0.04320,-0.97840,0.62250,0.28710,0.36330,0.19620
1791572410256767307,0.04320,-0.97840,0.62250,0.28710,0.36330,0.19620
1791572410367173296,0.04320,-0.97840,0.62250,0.28710,0.36330,0.19620
1791572410528365343,0.04320,-0.97840,0.62250,0.28710,0.36330,0.19620
1791572410688715683,0.04320,-0.97840,0.62250,0.28710,0.36330,0.19620
1791572410834297252,0.04320,-0.97840,0.62250,0.28710,0.36330,0.19620
1791572410959620808,0.04320,-0.97840,0.62250,0.28710,0.36330,0.19620
1791572411120936790,0.04320,-0.97840,0.62250,0.28710,0.36330,0.19620
1791572411262445901,0.04320,-0.97840,0.62250,0.28710,0.36330,0.19620
1791572411398597336,0.04320,-0.97840,0.62250,0.28710,0.36330,0.19620
1791572411612693418,-0.02733,-0.91045,0.55028,0.25613,0.28063,0.21693
1791572411713764223,-0.09785,-0.84250,0.47805,0.22515,0.19795,0.23765
1791572411836682643,-0.16837,-0.77455,0.40582,0.19418,0.11528,0.25838
1791572411958717962,-0.23890,-0.70660,0.33360,0.16320,0.03260,0.27910
1791572412252009221,-0.23890,-0.70660,0.33360,0.16320,0.03260,0.27910
1791572412368997595,-0.23890,-0.70660,0.33360,0.16320,0.03260,0.27910
1791572412475921828,-0.23890,-0.70660,0.33360,0.16320,0.03260,0.27910
1791572412580831738,-0.23890,-0.70660,0.33360,0.16320,0.03260,0.27910
1791572412694774036,-0.23890,-0.70660,0.33360,0.16320,0.03260,0.27910
1791572412800431215,-0.23890,-0.70660,0.33360,0.16320,0.03260,0.27910
1791572412904139480,-0.23890,-0.70660,0.33360,0.16320,0.03260,0.27910
1791572413010132184,-0.23890,-0.70660,0.33360,0.16320,0.03260,0.27910
1791572413137615376,-0.23890,-0.70660,0.33360,0.16320,0.03260,0.27910
1791572413242442538,-0.23890,-0.70660,0.33360,0.16320,0.03260,0.27910
1791572413345862633,-0.23890,-0.70660,0.33360,0.16320,0.03260,0.27910
1791572413447396510,-0.23890,-0.70660,0.33360,0.16320,0.03260,0.27910
1791572413565435169,-0.22175,-0.73535,0.46250,0.19515,0.11260,0.28585
1791572413670386672,-0.20460,-0.76410,0.59140,0.22710,0.19260,0.29260
1791572413771764370,-0.18745,-0.79285,0.72030,0.25905,0.27260,0.29935
1791572414025732541,-0.17030,-0.82160,0.84920,0.29100,0.35260,0.30610
1791572414271732216,-0.17030,-0.82160,0.84920,0.29100,0.35260,0.30610
1791572414377318882,-0.17030,-0.82160,0.84920,0.29100,0.35260,0.30610
1791572414480187605,-0.17030,-0.82160,0.84920,0.29100,0.35260,0.30610
1791572414583403259,-0.17030,-0.82160,0.84920,0.29100,0.35260,0.30610
1791572414697064539,-0.17030,-0.82160,0.84920,0.29100,0.35260,0.30610
1791572414794367549,-0.17030,-0.82160,0.84920,0.29100,0.35260,0.30610
1791572414987649043,-0.17030,-0.82160,0.84920,0.29100,0.35260,0.30610
1791572415122496166,-0.17030,-0.82160,0.84920,0.29100,0.35260,0.30610
1791572415280807270,-0.17030,-0.82160,0.84920,0.29100,0.35260,0.30610
1791572415383547985,-0.17030,-0.82160,0.84920,0.29100,0.35260,0.30610
1791572415589905412,-0.17030,-0.82160,0.84920,0.29100,0.35260,0.30610
1791572415696197993,-0.17030,-0.82160,0.84920,0.29100,0.35260,0.30610
1791572415815231235,-0.04815,-0.71823,0.73225,0.22090,0.22835,0.11183
1791572415916250887,0.07400,-0.61485,0.61530,0.15080,0.10410,-0.08245
1791572416047165815,0.19615,-0.51148,0.49835,0.08070,-0.02015,-0.27672
1791572416149374026,0.31830,-0.40810,0.38140,0.01060,-0.14440,-0.47100
1791572416378886015,0.31830,-0.40810,0.38140,0.01060,-0.14440,-0.47100
1791572416486638492,0.31830,-0.40810,0.38140,0.01060,-0.14440,-0.47100
1791572416591005395,0.31830,-0.40810,0.38140,0.01060,-0.14440,-0.47100
1791572416694587976,0.31830,-0.40810,0.38140,0.01060,-0.14440,-0.47100
1791572416803271179,0.31830,-0.40810,0.38140,0.01060,-0.14440,-0.47100
1791572416904537739,0.31830,-0.40810,0.38140,0.01060,-0.14440,-0.47100
1791572417008637543,0.31830,-0.40810,0.38140,0.01060,-0.14440,-0.47100
1791572417111497101,0.31830,-0.40810,0.38140,0.01060,-0.14440,-0.47100
1791572417222527297,0.31830,-0.40810,0.38140,0.01060,-0.14440,-0.47100
1791572417324380044,0.31830,-0.40810,0.38140,0.01060,-0.14440,-0.47100
1791572417425158572,0.31830,-0.40810,0.38140,0.01060,-0.14440,-0.47100
1791572417529505969,0.31830,-0.40810,0.38140,0.01060,-0.14440,-0.47100
1791572417653177895,0.12070,-0.50020,0.38788,0.03683,0.00582,-0.36645
1791572417764448404,-0.07690,-0.59230,0.39435,0.06305,0.15605,-0.26190
1791572418157596135,-0.27450,-0.68440,0.40082,0.08928,0.30627,-0.15735
1791572418259996080,-0.47210,-0.77650,0.40730,0.11550,0.45650,-0.05280
1791572418366666288,-0.47210,-0.77650,0.40730,0.11550,0.45650,-0.05280
1791572418510124220,-0.47210,-0.77650,0.40730,0.11550,0.45650,-0.05280
1791572418846072550,-0.47210,-0.77650,0.40730,0.11550,0.45650,-0.05280
1791572418951795202,-0.47210,-0.77650,0.40730,0.11550,0.45650,-0.05280
1791572419143034103,-0.47210,-0.77650,0.40730,0.11550,0.45650,-0.05280
1791572419303567239,-0.47210,-0.77650,0.40730,0.11550,0.45650,-0.05280
1791572419420105195,-0.47210,-0.77650,0.40730,0.11550,0.45650,-0.05280
1791572419521190966,-0.47210,-0.77650,0.40730,0.11550,0.45650,-0.05280
1791572419643405061,-0.47210,-0.77650,0.40730,0.11550,0.45650,-0.05280
1791572419746697630,-0.47210,-0.77650,0.40730,0.11550,0.45650,-0.05280
1791572420029538160,-0.47210,-0.77650,0.40730,0.11550,0.45650,-0.05280
1791572420132353099,-0.47210,-0.77650,0.40730,0.11550,0.45650,-0.05280
1791572420276845120,-0.24483,-0.63477,0.54648,0.06633,0.27250,-0.10790
1791572420378593937,-0.01755,-0.49305,0.68565,0.01715,0.08850,-0.16300
1791572420487830638,0.20972,-0.35132,0.82482,-0.03202,-0.09550,-0.21810
1791572420658794883,0.43700,-0.20960,0.96400,-0.08120,-0.27950,-0.27320
1791572420850123677,0.43700,-0.20960,0.96400,-0.08120,-0.27950,-0.27320
1791572420952506156,0.43700,-0.20960,0.96400,-0.08120,-0.27950,-0.27320
1791572421249139534,0.43700,-0.20960,0.96400,-0.08120,-0.27950,-0.27320
1791572421351120043,0.43700,-0.20960,0.96400,-0.08120,-0.27950,-0.27320
1791572421472843904,0.43700,-0.20960,0.96400,-0.08120,-0.27950,-0.27320
1791572421628896540,0.43700,-0.20960,0.96400,-0.08120,-0.27950,-0.27320
1791572421969562984,0.43700,-0.20960,0.96400,-0.08120,-0.27950,-0.27320
1791572422098385040,0.43700,-0.20960,0.96400,-0.08120,-0.27950,-0.27320
1791572422218471292,0.43700,-0.20960,0.96400,-0.08120,-0.27950,-0.27320
1791572422379187927,0.43700,-0.20960,0.96400,-0.08120,-0.27950,-0.27320
1791572422543166063,0.43700,-0.20960,0.96400,-0.08120,-0.27950,-0.27320
1791572422710833340,0.43700,-0.20960,0.96400,-0.08120,-0.27950,-0.27320
1791572422897866664,0.25193,-0.36633,0.89782,-0.00085,-0.12453,-0.21003
1791572423004732628,0.06685,-0.52305,0.83165,0.07950,0.03045,-0.14685
1791572423107254480,-0.11822,-0.67978,0.76548,0.15985,0.18543,-0.08367
1791572423213346411,-0.30330,-0.83650,0.69930,0.24020,0.34040,-0.02050
1791572423342529577,-0.30330,-0.83650,0.69930,0.24020,0.34040,-0.02050
1791572423445662543,-0.30330,-0.83650,0.69930,0.24020,0.34040,-0.02050
1791572423560439176,-0.30330,-0.83650,0.69930,0.24020,0.34040,-0.02050
1791572423733579431,-0.30330,-0.83650,0.69930,0.24020,0.34040,-0.02050
1791572423930402181,-0.30330,-0.83650,0.69930,0.24020,0.34040,-0.02050
1791572424037378141,-0.30330,-0.83650,0.69930,0.24020,0.34040,-0.02050
1791572424139323033,-0.30330,-0.83650,0.69930,0.24020,0.34040,-0.02050
1791572424253281284,-0.30330,-0.83650,0.69930,0.24020,0.34040,-0.02050
1791572424368508089,-0.30330,-0.83650,0.69930,0.24020,0.34040,-0.02050
1791572424525886103,-0.30330,-0.83650,0.69930,0.24020,0.34040,-0.02050
1791572424675361126,-0.30330,-0.83650,0.69930,0.24020,0.34040,-0.02050
1791572424788317788,-0.30330,-0.83650,0.69930,0.24020,0.34040,-0.02050
1791572424902566126,-0.18923,-0.71745,0.59142,0.20425,0.35775,0.05520
1791572425004416619,-0.07515,-0.59840,0.48355,0.16830,0.37510,0.13090
1791572425109844215,0.03892,-0.47935,0.37567,0.13235,0.39245,0.20660
1791572425212651092,0.15300,-0.36030,0.26780,0.09640,0.40980,0.28230
1791572425327086753,0.15300,-0.36030,0.26780,0.09640,0.40980,0.28230
1791572425490768605,0.15300,-0.36030,0.26780,0.09640,0.40980,0.28230
1791572425681126679,0.15300,-0.36030,0.26780,0.09640,0.40980,0.28230
1791572425855526437,0.15300,-0.36030,0.26780,0.09640,0.40980,0.28230
1791572425984515984,0.15300,-0.36030,0.26780,0.09640,0.40980,0.28230
1791572426175143700,0.15300,-0.36030,0.26780,0.09640,0.40980,0.28230
1791572426346035314,0.15300,-0.36030,0.26780,0.09640,0.40980,0.28230
1791572426452486544,0.15300,-0.36030,0.26780,0.09640,0.40980,0.28230
1791572426567898060,0.15300,-0.36030,0.26780,0.09640,0.40980,0.28230
1791572426713636616,0.15300,-0.36030,0.26780,0.09640,0.40980,0.28230
1791572426818626583,0.15300,-0.36030,0.26780,0.09640,0.40980,0.28230
1791572426925117235,0.15300,-0.36030,0.26780,0.09640,0.40980,0.28230
1791572427035811652,0.17727,-0.42463,0.28655,0.11568,0.26548,0.28692
1791572427139934838,0.20155,-0.48895,0.30530,0.13495,0.12115,0.29155
1791572427240742578,0.22582,-0.55327,0.32405,0.15423,-0.02318,0.29618
1791572427345409678,0.25010,-0.61760,0.34280,0.17350,-0.16750,0.30080
1791572427465079973,0.25010,-0.61760,0.34280,0.17350,-0.16750,0.30080
1791572427581353721,0.25010,-0.61760,0.34280,0.17350,-0.16750,0.30080
1791572427683540733,0.25010,-0.61760,0.34280,0.17350,-0.16750,0.30080
1791572427791594596,0.25010,-0.61760,0.34280,0.17350,-0.16750,0.30080
1791572427905771494,0.25010,-0.61760,0.34280,0.17350,-0.16750,0.30080
1791572428023874456,0.25010,-0.61760,0.34280,0.17350,-0.16750,0.30080
1791572428150529341,0.25010,-0.61760,0.34280,0.17350,-0.16750,0.30080
1791572428267998727,0.25010,-0.61760,0.34280,0.17350,-0.16750,0.30080
1791572428383952172,0.25010,-0.61760,0.34280,0.17350,-0.16750,0.30080
1791572428501202070,0.25010,-0.61760,0.34280,0.17350,-0.16750,0.30080
1791572428650631610,0.25010,-0.61760,0.34280,0.17350,-0.16750,0.30080
1791572428825491071,0.25010,-0.61760,0.34280,0.17350,-0.16750,0.30080
1791572428948831767,0.30550,-0.63403,0.38738,0.19715,-0.06943,0.14310
1791572429053485712,0.36090,-0.65045,0.43195,0.22080,0.02865,-0.01460
1791572429157256335,0.41630,-0.66687,0.47652,0.24445,0.12672,-0.17230
1791572429316478138,0.47170,-0.68330,0.52110,0.26810,0.22480,-0.33000
1791572429445290656,0.47170,-0.68330,0.52110,0.26810,0.22480,-0.33000
1791572429549178740,0.47170,-0.68330,0.52110,0.26810,0.22480,-0.33000
1791572429657815159,0.47170,-0.68330,0.52110,0.26810,0.22480,-0.33000
1791572429763734184,0.47170,-0.68330,0.52110,0.26810,0.22480,-0.33000
1791572429953990532,0.47170,-0.68330,0.52110,0.26810,0.22480,-0.33000
1791572430065377019,0.47170,-0.68330,0.52110,0.26810,0.22480,-0.33000
1791572430186979941,0.47170,-0.68330,0.52110,0.26810,0.22480,-0.33000
1791572430335002670,0.47170,-0.68330,0.52110,0.26810,0.22480,-0.33000
1791572430448653339,0.47170,-0.68330,0.52110,0.26810,0.22480,-0.33000
1791572430554764090,0.47170,-0.68330,0.52110,0.26810,0.22480,-0.33000
1791572430675048510,0.47170,-0.68330,0.52110,0.26810,0.22480,-0.33000
1791572430821629484,0.47170,-0.68330,0.52110,0.26810,0.22480,-0.33000
1791572430932655856,0.26053,-0.73225,0.62180,0.24705,0.08015,-0.16587
1791572431034841871,0.04935,-0.78120,0.72250,0.22600,-0.06450,-0.00175
1791572431137513466,-0.16182,-0.83015,0.82320,0.20495,-0.20915,0.16238
1791572431240811215,-0.37300,-0.87910,0.92390,0.18390,-0.35380,0.32650
1791572431380872159,-0.37300,-0.87910,0.92390,0.18390,-0.35380,0.32650
1791572431484635842,-0.37300,-0.87910,0.92390,0.18390,-0.35380,0.32650
1791572431628379422,-0.37300,-0.87910,0.92390,0.18390,-0.35380,0.32650
1791572431728740305,-0.37300,-0.87910,0.92390,0.18390,-0.35380,0.32650
1791572431836668824,-0.37300,-0.87910,0.92390,0.18390,-0.35380,0.32650
1791572431950423561,-0.37300,-0.87910,0.92390,0.18390,-0.35380,0.32650
1791572432060190856,-0.37300,-0.87910,0.92390,0.18390,-0.35380,0.32650
1791572432166172999,-0.37300,-0.87910,0.92390,0.18390,-0.35380,0.32650
1791572432290330862,-0.37300,-0.87910,0.92390,0.18390,-0.35380,0.32650
1791572432394046836,-0.37300,-0.87910,0.92390,0.18390,-0.35380,0.32650
1791572432495476080,-0.37300,-0.87910,0.92390,0.18390,-0.35380,0.32650
1791572432673393486,-0.37300,-0.87910,0.92390,0.18390,-0.35380,0.32650
1791572432825943522,-0.15968,-0.77787,0.81300,0.14522,-0.35760,0.12343
1791572432931098409,0.05365,-0.67665,0.70210,0.10655,-0.36140,-0.07965
1791572433036157847,0.26697,-0.57543,0.59120,0.06788,-0.36520,-0.28273
1791572433203154993,0.48030,-0.47420,0.48030,0.02920,-0.36900,-0.48580
1791572433315778946,0.48030,-0.47420,0.48030,0.02920,-0.36900,-0.48580
1791572433416824548,0.48030,-0.47420,0.48030,0.02920,-0.36900,-0.48580
1791572433520683182,0.48030,-0.47420,0.48030,0.02920,-0.36900,-0.48580
1791572433632503052,0.48030,-0.47420,0.48030,0.02920,-0.36900,-0.48580
1791572433753614072,0.48030,-0.47420,0.48030,0.02920,-0.36900,-0.48580
1791572433858067411,0.48030,-0.47420,0.48030,0.02920,-0.36900,-0.48580
1791572433959591925,0.48030,-0.47420,0.48030,0.02920,-0.36900,-0.48580
1791572434065626627,0.48030,-0.47420,0.48030,0.02920,-0.36900,-0.48580
1791572434180746969,0.48030,-0.47420,0.48030,0.02920,-0.36900,-0.48580
1791572434314090456,0.48030,-0.47420,0.48030,0.02920,-0.36900,-0.48580
1791572434416474378,0.48030,-0.47420,0.48030,0.02920,-0.36900,-0.48580
1791572434519136467,0.48030,-0.47420,0.48030,0.02920,-0.36900,-0.48580
1791572434652763710,0.47795,-0.47573,0.51555,0.08695,-0.29330,-0.27143
1791572434757899085,0.47560,-0.47725,0.55080,0.14470,-0.21760,-0.05705
1791572434924325292,0.47325,-0.47878,0.58605,0.20245,-0.14190,0.15732
1791572435026953797,0.47090,-0.48030,0.62130,0.26020,-0.06620,0.37170
1791572435138371099,0.47090,-0.48030,0.62130,0.26020,-0.06620,0.37170
1791572435238895380,0.47090,-0.48030,0.62130,0.26020,-0.06620,0.37170
1791572435342852062,0.47090,-0.48030,0.62130,0.26020,-0.06620,0.37170
1791572435444807703,0.47090,-0.48030,0.62130,0.26020,-0.06620,0.37170
1791572435569675015,0.47090,-0.48030,0.62130,0.26020,-0.06620,0.37170
1791572435680058832,0.47090,-0.48030,0.62130,0.26020,-0.06620,0.37170
1791572435789481391,0.47090,-0.48030,0.62130,0.26020,-0.06620,0.37170
1791572435915793144,0.47090,-0.48030,0.62130,0.26020,-0.06620,0.37170
1791572436031526821,0.47090,-0.48030,0.62130,0.26020,-0.06620,0.37170
1791572436133686385,0.47090,-0.48030,0.62130,0.26020,-0.06620,0.37170
1791572436266423640,0.47090,-0.48030,0.62130,0.26020,-0.06620,0.37170
1791572436378038629,0.47090,-0.48030,0.62130,0.26020,-0.06620,0.37170
1791572436556515811,0.43472,-0.56803,0.56635,0.16410,-0.11453,0.30037
1791572436681483894,0.39855,-0.65575,0.51140,0.06800,-0.16285,0.22905
1791572436830909681,0.36238,-0.74348,0.45645,-0.02810,-0.21118,0.15772
1791572436932087303,0.32620,-0.83120,0.40150,-0.12420,-0.25950,0.08640
1791572437048252868,0.32620,-0.83120,0.40150,-0.12420,-0.25950,0.08640
1791572437149561179,0.32620,-0.83120,0.40150,-0.12420,-0.25950,0.08640
1791572437251054955,0.32620,-0.83120,0.40150,-0.12420,-0.25950,0.08640
1791572437353011995,0.32620,-0.83120,0.40150,-0.12420,-0.25950,0.08640
1791572437469379617,0.32620,-0.83120,0.40150,-0.12420,-0.25950,0.08640
1791572437571646287,0.32620,-0.83120,0.40150,-0.12420,-0.25950,0.08640
1791572437674656069,0.32620,-0.83120,0.40150,-0.12420,-0.25950,0.08640
1791572437780398016,0.32620,-0.83120,0.40150,-0.12420,-0.25950,0.08640
1791572437934478146,0.32620,-0.83120,0.40150,-0.12420,-0.25950,0.08640
1791572438044529885,0.32620,-0.83120,0.40150,-0.12420,-0.25950,0.08640
1791572438144964747,0.32620,-0.83120,0.40150,-0.12420,-0.25950,0.08640
1791572438249558857,0.32620,-0.83120,0.40150,-0.12420,-0.25950,0.08640
